,Detector,Explainer,Documents Phases 1+3,Documents Phases 2+4,f(a),f(b),GT a,GT b,idx a,idx b,Spacy Similarity,Jaccard Similarity,Cosine Similarity tfidf,hash a,hash b
0,DetectorDetectGPT,Anchor_Explainer,"Like anything else, the price/value of gold is driven by supply and demand. Mining adds about 2% a year to the supply. Then the question is, will the demand in a given year rise by more or less than 2%. ON AVERAGE, the answer is ""more."" That may not be true in any given year, and was untrue for  whole DECADES of the 1980s and 1990s, when the price of gold fell steadily.  On the other hand, demand for gold has risen MUCH more than 2% a year in the 2000s, for reasons discussed by others. That is seen in the six-fold rise in price, from about $300 an ounce to $1800 an ounce over the past ten years.","The way I would use it is, every trade done by a broker has a client side and a street side.  The client side is for their brokerage account, and the street side is whoever they traded with Say, John Doe calls me at Charles Schwab and wants to buy 100 IBM.  I look at the market and decide that the best execution is on Arca.  I trade on Arca for the client.  Then, I book a client side trade into his account, and a street side trade against Arca.  If I myself was a dealer in IBM and executed against my inventory, the street side would basically be internal, booking a trade against my account.",1,1,True,True,41,203,0.8273130261196648,0.11278195488721804,0.061294913045527644,61e5376ff4746da16bf0659eaabebbf5037c7c69d552f5c90bdcdd36c2a12777_Anchor_Explainer_DetectorDetectGPT,7107855c70ca6021b3690796048a3da0067b5e6abf98d66f7afe1f3bc27d8604_Anchor_Explainer_DetectorDetectGPT
1,DetectorDetectGPT,Anchor_Explainer,"You'll likely see several more scary market events before your autumn years. Ahhh, everyone has an opinion on this so here is mine :) If you are constrained to picking canned mutual fund products then I would target something with decent yield for two points. The third is to keep some in cash for an 'event'.   I would say 65/35 at this point so invest 65% and have some liquidity for an 'opportunity'.  Because the next crisis is right around the corner. But stay invested.","No. Securities brokers/dealers in the United States are licensed to broker debt and equity in corporations. (There are additional, commodities licenses to broker derivatives.) $20 American Eagle coins, or any other type of physical currency or physical precious metals can be traded or brokered by anyone without a specific license (except maybe a sales tax registration). The only situation where a securities license would be required is if a legal entity is holding the coins and you deal/broker an interest in that legal entity. For example, dealing in SPDR Gold Shares or a similar structure holding either physical assets or the right to purchase those assets (like a commodity pool) would require a securities and/or commodities dealing license.",1,1,True,True,173,1,0.8028380879869105,0.08333333333333333,0.05648682358561253,7bd59b306ee4f86d66ea0c02c7c6ad2f0c42df557f3731c23d04e7c7042cd2ff_Anchor_Explainer_DetectorDetectGPT,fe43a432243c718cfa3fa2bae6294e8c9514f4d931d2b5bd08508f83509cc4d0_Anchor_Explainer_DetectorDetectGPT
2,DetectorDetectGPT,Anchor_Explainer,"Got any creative for a 10 year old’s birthday?It is not appropriate to discuss complex financial topics or tax strategies with a child. It is important to consider the age and maturity level of a child when deciding on appropriate activities or discussions. Children at the age of 10 may not have the necessary knowledge or understanding to fully grasp concepts such as S Corps, straddles, and income. It would be more appropriate to celebrate a 10 year old's birthday with age-appropriate activities and gifts.","Both are correct depending on what you are really trying to evaluate. If you only want to understand how that particular investment you were taking money in and out of did by itself than you would ignore the cash.  You might use this if you were thinking of replacing that particular investment with another but keeping the in/out strategy. If you want to understand how the whole investment strategy worked (both the in/out motion and the choice of investment) than you would definitely want to include the cash component as that is necessary for the strategy and would be your final return if you implemented that strategy. As a side note, neither IRR or CAGR are not great ways to judge investment strategies as they have some odd timing issues and they don't take into account risk.",1,1,False,True,12,277,0.9075265606654819,0.13768115942028986,0.07786728153276305,cba2fc2710696f28b3c9bda38caaff1013b835fdb2f8e5185a891beb729841ea_Anchor_Explainer_DetectorDetectGPT,edebbd11c843b985aa543b539f521ef0b87b05f2cffc95b465432b5f4d98379a_Anchor_Explainer_DetectorDetectGPT
3,DetectorDetectGPT,Anchor_Explainer,"It's not appropriate for me to provide specific medical advice or to comment on the treatment plan that your doctor has prescribed for you without knowing more about your individual case and medical history. It's important to follow the treatment plan recommended by your doctor, as they are the most qualified to provide you with the appropriate care. If you have any concerns about your treatment plan, it's important to discuss them with your doctor. They will be able to provide you with more information and help address any questions or concerns you may have.","It's possible that the pain in your back is related to your bronchitis, although without more information it's difficult to say for sure. It's possible that the inflammation caused by the bronchitis is causing pain in the skin on your back. Alternatively, the pain could be due to a muscle strain or other unrelated issue.

To help relieve the pain, you could try taking over-the-counter pain medication, such as acetaminophen (Tylenol) or ibuprofen (Advil). Applying a warm compress to the affected area may also help. If the pain persists or becomes severe, you should consult your healthcare provider for further evaluation and treatment.

It's also important to continue taking your antibiotics as prescribed and to follow any other recommendations from your healthcare provider to help speed your recovery from bronchitis.",0,0,False,False,64,74,0.9515848511987584,0.23140495867768596,0.2363525205312497,1c35a009e503d36bb2c4626ddfba2ae6b24be70146daec612eda12a884ba5bab_Anchor_Explainer_DetectorDetectGPT,344f46edfe91a144674da8ef3262a58698950066cae54834b61469a801f583b1_Anchor_Explainer_DetectorDetectGPT
4,DetectorDetectGPT,Anchor_Explainer,"A wart that is painful and has become dry and cracked can be a sign of a more serious issue. It is possible that the wart has become infected or that it is not a wart at all, but rather a different type of growth. It is important to have any unusual growth on your skin checked by a healthcare professional to determine the cause and appropriate treatment. They will be able to examine the growth and determine if it is a wart or something else, and recommend the appropriate course of treatment. It is not recommended to try to treat the growth at home, as this can potentially make the situation worse or lead to further complications.","It is possible to get your property taxes lowered, but the process and requirements for doing so vary depending on where you live. In general, you may be able to appeal your property tax assessment if you believe that the value of your property has been overestimated by the tax assessor. You can also seek a property tax exemption or credit if you meet certain eligibility requirements, such as being a senior citizen or a disabled veteran.To learn more about the process for lowering your property taxes, you should contact your local tax assessor's office or visit their website. They can provide you with information on the specific requirements and procedures for appealing your assessment or applying for an exemption or credit in your area. It may also be helpful to consult with a local attorney or tax professional for guidance on how to proceed.",0,0,False,False,55,236,0.9377427161815689,0.17985611510791366,0.0977072037096296,14f4d8d694bcb6c17a5e261e82a8455458d236bdaa6f08376a549e1b23368058_Anchor_Explainer_DetectorDetectGPT,5ca91e318a694d2b6a8f6754659c3288c40fe9d7f587789dfdf8b1858762d342_Anchor_Explainer_DetectorDetectGPT
5,DetectorDetectGPT,Anchor_Explainer,"You can receive all the Money in your Bank. By Problem if you mean whether it will raise any alarms at the Bank. Most likely yes, such kind of activity would trigger AML. Bank would flag this off to regulators and questions would be asked. If you are doing a Legitimate business, its not an issue. Maintain a proper record of the transaction and pay your taxes. As funds are large 80 K a month, it makes sense to seek to advice of a Laywer and CA to help you keep thing in order.","It appears so. I suppose you could try saying that you don't want to pay for it and won't have Internet installed, but that could be detrimental to your career. There is no law that says your company has to pay for your Internet unless you have some kind of contract with them that says you will. If anything, your best option might be to try to claim it is a business expense and deduct it on your taxes.",0,0,True,True,100,261,0.9171300942915765,0.14035087719298245,0.16406941498646252,24d5ad95c1e2717ba84af4c43ce69d1a5f8e291f22a73fb120e8b779f7916a5c_Anchor_Explainer_DetectorDetectGPT,8e094008ce5ef1735693efa741bfed0b3c2df276cd901be9489d39ff62dc2281_Anchor_Explainer_DetectorDetectGPT
6,DetectorDetectGPT,LIME_Explainer,"Exchange traded options are issued in a way that there is no counter party risk.  Consider, stocks and options are held in street name. So, for example, if I am short and you are long shares, no matter what happens on my end, your shares are yours.  To be complete, it's possible to enter into a direct deal, where you have a contract for some non-standard option, but that would be very rare for the average investor.","Traditionally options expired on the 3rd Wednesday of the months of Mar, Jun, Sep, Dec as this day was never a holiday. See IMM dates. However as option use exploded there were monthly and weekly options created on different schedules. The exchange will specify when its options expire in the contract.",1,1,True,True,34,172,0.8385251920896533,0.10679611650485436,0.15582518023750774,bc1ac544b523873961b9f7584e55d8d4cde629ea895fa1482a5cc33e124f357f_LIME_Explainer_DetectorDetectGPT,8e42aeed132b74f34fa79d2c96ed8a54104a343073a89f88c90ec5be10e76edf_LIME_Explainer_DetectorDetectGPT
7,DetectorDetectGPT,LIME_Explainer,You can't. Even as a technical trader you should know what events are coming up and be prepared. You can't prepare for everything but you should know when the earnings dates are. You should also pay attention to the market in general. Stocks also have personalities and you should get to know that personality.  Most important thing in trading is deciding when to get out before buying and stick to it when it goes against you. It is also one of the hardest things to do.,"Depends on how you measure liquidity.  There's papers out there that approach this very question. Measured in order book spreads for a consolidated $100m trade, I'd say the second biggest market is FX swaps, followed or par'd by the money market (government bonds). If you disallow OTC venues, it's most definitely exchange listed government bonds. If, however, you happen to think in terms of sheer volume per time, the most liquid market phase could be considered the NYSE closing auction, as you can move billions in a matter of minutes, or expressed in speed terms: several m$/s (million dollars per second). You should pick a definition and we can provide you with a more accurate list of candidates and actual data.",1,1,True,True,10,30,0.8843447091744091,0.13013698630136986,0.14690825816365935,a342eb9f18bd17d57a51ac8d2a82af3705f3761337de56e9573071f7e1e9f892_LIME_Explainer_DetectorDetectGPT,48ccd95896b29bef9ffd5a14addf3235e368318b8a7f664c71960f2ed9a65b78_LIME_Explainer_DetectorDetectGPT
8,DetectorDetectGPT,LIME_Explainer,"Limit books are managed by exchanges. If an order is not immediately filled, it is sent to the book.  From there, orders are generally executed on price-time-priority.  The one major exception is the precedence hide-not-slide orders have over earlier placed visible slidden limit orders since unslidden orders are treated like a modification/cancellation. To an exchange, a modification is the same as a cancellation since it charges no fees for placing or canceling orders, only for trades.  The timestamp is reset, and price-time-priority is applied in the same way, so if a modified order isn't immediately filled, it is sent back to the book to be filled in order of price-time-priority.","Reuters has a service you can subscribe to that will give you lots of Financial information that is not readily available in common feeds.  One of the things you can find is the listing/delist dates of stocks.  There are tools to build custom reports.  That would be a report you could write.  You can probably get the data for free through their rss feeds and on their website, but the custom reports is a paid feature. FWIW re-listing(listings that have been delisted but return to a status that they can be listed again) is pretty rare.  And I can not think of too many(any actually) penny stocks that have grown to be listed on a major exchange.",1,1,True,True,191,249,0.9436101925709053,0.13793103448275862,0.07229198246058599,cb18fc73b58feeb14211103bba236c3a96f4bc881f323cdb0cd9e410b973cfad_LIME_Explainer_DetectorDetectGPT,e6b72b7969bbad53385251e1baf30d9f72a75067fc1707a1655fa38321f33f16_LIME_Explainer_DetectorDetectGPT
9,DetectorDetectGPT,LIME_Explainer,"Multivariate statistics is a branch of statistics that deals with the study of multiple variables and their relationships. In contrast to univariate statistics, which focuses on analyzing one variable at a time, multivariate statistics enables you to analyze the relationships among multiple variables simultaneously.



Multivariate statistics can be used to perform a variety of statistical analyses, including regression, classification, and cluster analysis. It is commonly used in fields such as psychology, economics, and marketing, where there are often multiple variables of interest.



Examples of multivariate statistical techniques include principal component analysis, multivariate regression, and multivariate ANOVA. These techniques can be used to understand complex relationships among multiple variables and to make predictions about future outcomes based on those relationships.



Overall, multivariate statistics is a powerful tool for understanding and analyzing data when there are multiple variables of interest.","There are many potential causes of fever, shivering, and body pain. Some common causes include:

Infections: Infections, such as the flu or pneumonia, can cause fever, shivering, and body aches.

Immunological disorders: Certain immune disorders, such as autoimmune diseases, can cause fever and body aches.

Inflammatory conditions: Inflammatory conditions, such as rheumatoid arthritis or lupus, can cause fever, body aches, and joint pain.

Cancer: In some cases, cancer can cause fever, shivering, and body pain.

It is important to see a doctor to determine the cause of your wife's symptoms and receive proper treatment. In the meantime, you can try to reduce the fever by giving her acetaminophen (Tylenol) or ibuprofen (Advil) and encouraging her to rest and drink plenty of fluids.",0,0,False,False,180,301,0.9163361837561517,0.10810810810810811,0.039614546235621245,4c1cbef644e5ad6a64c2209098c975c58e5f80d93e25f5c5f9f23ad14f6049fe_LIME_Explainer_DetectorDetectGPT,0e65e1bbbf8133d14e940529817a55398d439910f1376e70272bb3a6fca25e02_LIME_Explainer_DetectorDetectGPT
10,DetectorDetectGPT,LIME_Explainer,"Yes, buying REITs (Real Estate Investment Trusts) can be compared to investing in real estate. REITs are companies that own or finance income-generating real estate, such as apartments, shopping centers, office buildings, and warehouses. They are required to distribute at least 90% of their taxable income to shareholders in the form of dividends, which can make them a good source of passive income. When you buy shares in a REIT, you are essentially investing in a diversified portfolio of real estate assets. Just like with any investment, there are risks involved, including the risk that the value of the REIT's assets may decline or that the REIT may not generate sufficient income to pay dividends to shareholders. It's important to carefully consider these and other risks before making any investment decisions.","Investing in stocks can be a good idea if you are able to accept the risks that come with it. Stocks can offer the potential for high returns, but they can also fluctuate in value, and you could lose money. Before you invest in stocks, it's important to do your research and understand the basics of the stock market. It's also important to have a long-term perspective and a diversified portfolio, which means investing in a variety of different stocks and asset classes rather than putting all of your money into one type of investment. It's also a good idea to consult with a financial advisor or professional before making any investment decisions.",0,0,False,False,2,196,0.9637691467302009,0.2152777777777778,0.23438292588659448,398430643258bb00cedee78053fb66f240d53d21b390dcd511c861b3649bea5c_LIME_Explainer_DetectorDetectGPT,f022d78aadca7c71859f5ac0face8af6733d02c0e59b3731b90b918cd9eaae83_LIME_Explainer_DetectorDetectGPT
11,DetectorDetectGPT,LIME_Explainer,"Medical image analysis is the process of analyzing medical images to extract information that can be used to make diagnostic or therapeutic decisions. Medical images are used in a variety of medical contexts, including radiology, pathology, and cardiology, and they may be in the form of x-rays, CT scans, MRIs, or other types of images.



Medical image analysis involves a number of different techniques and approaches, including image processing, computer vision, machine learning, and data mining. These techniques can be used to extract features from medical images, classify abnormalities, and visualize data in a way that is useful to medical professionals.



Medical image analysis has a wide range of applications, including diagnosis and treatment planning, disease monitoring, and surgery guidance. It can also be used to analyze population-level data to identify trends and patterns that may be useful for public health or research purposes.","It is important to get the lump on your grandson's temple checked out by a healthcare provider. It is possible that it could be a mosquito bite, a tick bite, or a spider bite, but it could also be something else. It is always better to have a healthcare provider assess any lumps or bumps on the body to determine the cause and appropriate treatment.

In the meantime, you can try to keep the area clean and dry, and you can apply a cool compress to the area to help reduce swelling and discomfort. If your grandson experiences any other symptoms, such as fever, dizziness, or difficulty breathing, you should seek medical attention right away.",0,0,False,False,66,216,0.8962717472186539,0.1032258064516129,0.10573066072208837,b8575699866202360098f33a9c4a5c7efaceec2561eb4ee95acf02da992aab65_LIME_Explainer_DetectorDetectGPT,739372dc4bf92366bc991aab94a8f80ee06f90e30c51cd5c4bc286de0dec2016_LIME_Explainer_DetectorDetectGPT
12,DetectorDetectGPT,SHAP_Explainer,"If your counterparty sent money to a correspondent account at another bank, then it is completely up to the other bank what to do with the money. If the wire transfer completed, then the account is not closed. If I were your business partner, I would immediately contact the bank to which the transfer was made and explain the situation and hopefully they will transfer the money back. Whenever a wire transfer is made, the recipients name, address, and account number are included. If that name, address and account do not belong to you, then you have a problem because you have no legal right to the money in a court of law. For this reason, you should be avoid any situation where you are wiring money to anyone except the intended recipient.","As your is a very specific case, please get an advice of CA. It should not cost you much and make it easier. The sale of agriculture land is taxable in certain conditions and exempt from tax in other cases. Sale of agricultural land is subject to capital gains tax. But there are certain exemptions under Section 54B, subject to conditions, which are as follows:    If deemed taxable, you can avail indexation, ie the price at which you grandfather got [the date when he inherited it as per indexation] and pay 10% on the difference. If the price is not known, you can take the govt prescribed rate.   As there is a large deposit in your fathers account, there can be tax queries and need to be answered. Technically there is no tax liable even if your grandfather gifts the money to your father. More details at http://www.telegraphindia.com/1130401/jsp/business/story_16733007.jsp and http://www.incometaxindia.gov.in/publications/4_compute_your_capital_gains/chapter2.asp",1,1,True,True,22,82,0.9495923622857968,0.14285714285714285,0.15388841713317383,3dd1514de75255da157c91f80bf9745485cc700f81cf40cf3751d17e5d391a60_SHAP_Explainer_DetectorDetectGPT,6b25114906789fc86fa719f0394277f9289f080cbbbc7ef1abbdd038f00db4b6_SHAP_Explainer_DetectorDetectGPT
13,DetectorDetectGPT,SHAP_Explainer,"It doesn't generally matter, and I'm not sure if it is in fact in use by the IRS other than for general statistics (like ""this year 20% of MFJ returns were with one spouse being a 'homemaker'""). They may be able to try and match the occupation and the general levels and types of income, but for self-employed there's a more precise and reliable field on Schedule C and for employees they don't really need to do this since everything is reported on W2 anyway. So I don't think they even bother or give a lot of value to such a metric. So yes, I'm joining the non-authoritative ""doesn't matter"" crowd.","Most likely because they don't know what they're talking about. They all have a belief without evidence that information set X is internalised into the price but information set Y is not. If there is some stock characteristic, call it y, that belongs to set Y, then that moves the gauge towards a ""buy"" recommendation. However, the issue is that no evidence has been used to determine the constituents of X and Y, or even whether Y exists in any non-trivial sense.",1,1,True,True,40,93,0.9569201663799602,0.15602836879432624,0.11947996577921892,5ae5387b74d5d39364702c87dfff6d52121b249c4e7e6b28e9d3684e67481016_SHAP_Explainer_DetectorDetectGPT,bd8409f3f1639cee9358cc358d6fcedf58657cd4e17ac73a2c395bb9acd91f62_SHAP_Explainer_DetectorDetectGPT
14,DetectorDetectGPT,SHAP_Explainer,"I agree, one should not let the tax tail wag the investing dog.  The only question should be whether he'd buy the stock at today's price. If he wishes to own it long term, he keeps it. To take the loss this year, he'd have to sell soon, and can't buy it back for 30 days. If, for whatever reason, the stock comes back a bit, he's going to buy in higher.  To be clear, the story changes for ETFs or mutual funds. You can buy a fund to replace one you're selling, capture the loss, and easily not run afoul of wash sale rules.","The UK has historically aggressive financial law, inherited from Dutch friendship, influence, and acquisitions by conquest. The law is so open that nearly anyone can invest through the UK without much difficulty, and citizens have nearly no restrictions on where to invest. A UK citizen can either open an account in the US with paperwork hassles or at home with access to all world markets and less paperwork.  Here is the UK version of my broker, Interactive Brokers.  Their costs are the lowest, but you will be charged a minimum fee if you do not trade enough, and their minimum opening balance can be prohibitively high for some. If you do buy US products, be sure to file your W-8BEN.",1,1,True,True,164,237,0.9151774859614302,0.1282051282051282,0.09483123402778632,2c05fd1a84cc8d7fedd6bed6fba06a00a6a7c0997fec7ff7691a98907eb330e9_SHAP_Explainer_DetectorDetectGPT,8f1e6fbc370ec179204b1bddc3deb954e294f8e3c4e61c39cb9a8962682e7816_SHAP_Explainer_DetectorDetectGPT
15,DetectorDetectGPT,SHAP_Explainer,"It is possible that stress could be contributing to some of the symptoms you are experiencing, such as headaches and possibly even the leg pain. However, it is important to note that the other symptoms you mentioned, such as night sweats, bleeding gums, bloating, a sudden bruise, and a red pinprick on your arm, could potentially be caused by other underlying medical conditions. It is always a good idea to speak with a healthcare professional if you are experiencing any concerning symptoms, so that they can properly assess your health and provide an appropriate course of treatment. It is especially important to seek medical attention if you have any unexplained bruises or red pinpricks on your skin, as these could potentially be signs of an underlying medical issue.","If your deductions are higher than your income, it is possible that you may not owe any taxes. This can happen if you have a loss for the tax year, which can be calculated by subtracting your deductions from your income. If the result is a negative number, then you have a loss for the tax year.However, it's important to note that losses from some types of income, such as wages, salaries, and self-employment income, may be limited in the amount that can be claimed on your tax return. Additionally, you may be able to carry over any excess loss to future tax years and use it to offset income in those years.It's a good idea to consult with a tax professional or refer to the Internal Revenue Service (IRS) guidelines to determine how to properly report and claim losses on your tax return.",0,0,False,False,72,77,0.9474488830880534,0.23776223776223776,0.18438548083213213,2896cd03f5a9e20c7aabbc57edfa78908bc88025779a184ba1793badb684dba7_SHAP_Explainer_DetectorDetectGPT,4a28a8f0d8c6fbee4a7aad31697d315f2e4782776460940f74505a777beeea7e_SHAP_Explainer_DetectorDetectGPT
16,DetectorDetectGPT,SHAP_Explainer,"Alonzo Church (June 14, 1903 – August 11, 1995) was an American mathematician, computer scientist, logician, philosopher, professor and editor who made major contributions to mathematical logic and the foundations of theoretical computer science. He is best known for the lambda calculus, the Church–Turing thesis, proving the unsolvability of the Entscheidungsproblem, the Frege–Church ontology, and the Church–Rosser theorem. He also worked on philosophy of language (see e.g. Church 1970). Alongside his student Alan Turing, Church is considered one of the founders of computer science.","Stock support and resistance levels are generally considered to be more meaningful on longer time scales, such as daily or weekly charts. This is because these levels tend to be more significant in terms of the overall trend and momentum of the stock, and can be more reliable indicators of potential turning points in the price.On shorter time scales, such as intraday charts, support and resistance levels can still be important, but they may be less reliable due to the increased volatility and noise in the market. It can be more difficult to identify clear support and resistance levels on these shorter time frames, and they may not hold as well as they do on longer time scales.In general, it's important to consider the overall trend and context of the market when evaluating support and resistance levels, as well as the specific time frame you are looking at.",0,0,True,False,140,267,0.7646954813375146,0.06474820143884892,0.04788419106875306,652189ac593cc7b3afcb7e0bd1c48f5b8209e21ca515947d7c216869dd2e9185_SHAP_Explainer_DetectorDetectGPT,a98eedec2f3faa2bedc5b48424bffa0fb467ad56d4bcb344ed309833ca80ab75_SHAP_Explainer_DetectorDetectGPT
17,DetectorDetectGPT,SHAP_Explainer,"AT&T Labs is the research & development division of AT&T, the telecommunications company. It employs some 1,800 people in various locations, including: Bedminster NJ; Middletown, NJ; Manhattan, NY; Warrenville, IL; Austin, TX; Dallas, TX; Atlanta, GA; San Francisco, CA; San Ramon, CA; and Redmond, WA. The main research division, made up of around 450 people, is based across the Bedminster, Middletown, San Francisco, and Manhattan locations.
AT&T Labs traces its history from AT&T Bell Labs. Much research is in areas traditionally associated with networks and systems, ranging from the physics of optical transmission to foundational topics in computing and communications. Other research areas address the technical challenges of large operational networks and the resulting large data sets.","Automated decision-making (ADM) involves the use of data, machines and algorithms to make decisions in a range of contexts, including public administration, business, health, education, law, employment, transport, media and entertainment, with varying degrees of human oversight or intervention. ADM involves large-scale data from a range of sources, such as databases, text, social media, sensors, images or speech, that is processed using various technologies including computer software, algorithms, machine learning, natural language processing, artificial intelligence, augmented intelligence and robotics. The increasing use of automated decision-making systems (ADMS) across a range of contexts presents many benefits and challenges to human society requiring consideration of the technical, legal, ethical, societal, educational, economic and health consequences.",0,0,True,True,92,102,0.9194969144126878,0.12337662337662338,0.09016309176412392,419fe06a0a8966dddad1519cb2bca2a274c12f552c6461ab67a4a5e2c29f15e6_SHAP_Explainer_DetectorDetectGPT,a076837b4d14ff5dbce23f39055fe4e80396f0798946572536085c2d0b72db02_SHAP_Explainer_DetectorDetectGPT
18,DetectorRadford,Anchor_Explainer,"I've heard of handyman type people making a living this way untaxed.  They move into a fixer-upper, fix it up while living there, stay over two years and sell.  They can pocket $125k/yr tax free this way assuming they produce that much value in their fixing-up.  (Beware, though, that this will bite you in low social security payments in retirement!)","Both are saying essentially the same thing.  The Forbes articles says ""as much as 20% [...] up to a maximum of $50,000"".  This means the same as what the IRS page when it says the lesser of a percentage of your income or a total of $53,000.  In other words, the $53k is a cap: you can contribute a percentage of your earnings, but you can never contribute more than $53k, even if you make so much money that 20% of your earnings would be more than that. (The difference between 20% and 25% in the two sources appears to reflect a difference in contribution limits depending on whether you are making contributions for employees, or for yourself as a self-employed individual; see Publication 560.  The difference between $50k and $53k is due to the two pages being written in different years; the limits increase each year.)",1,1,True,True,0,52,0.8874951075616169,0.13513513513513514,0.0909054275804122,6a66e7a115420485acd54c0cb9e5dc4e9e508b29af4b544aee8ec3f9adfaf7ac_Anchor_Explainer_DetectorRadford,714b04dd8923e09ea3f370b93660441d792104140d13d38c697abcbe465d0e10_Anchor_Explainer_DetectorRadford
19,DetectorRadford,Anchor_Explainer,"Thanks for your question on Health Care Magic. I can understand your concern. Constant coughing is commonly seen in bronchitis and pneumonia. So better first rule out pneumonia. So get done chest x ray. If chest x ray is normal then no need to worry for pneumonia. Possibility of bronchitis is more in her case. And bronchitis needs Inhaled bronchodilators and inhaled corticosteroid (ICS). Duavent is having perfect combination of inhaled bronchodilators and ICS. So no harm in giving Duavent. And yes, temperature of 37.3 is normal. No need to worry for this. Hope I have solved your query. I will be happy to help you further. Wishing good health to your daughter. Thanks.","Thanks for your question on Health Care Magic. I can understand your concern. Usually veins are not appeared on breast tissue. But sometimes dilated, green coloured veins running on breast skin are seen in1. Viral skin infection of breast. 2. Breast tissue infection 3. Breast mass either benign or malignant. So better to consult doctor and get done clinical examination of breast, mammography, sonography of breast to rule out major breast diseases. If all these are normal then no need to worry much. Apply warm water pad on affected areas, you will be alright. Hope I have solved your query. I will be happy to help you further. Wish you good health. Thanks.",1,1,True,True,63,228,0.9584914268427907,0.34146341463414637,0.1918810964802487,477d8f805d1a6f0f573a60d6dee3dc0aad68fc4eb7ca59ced04cb6aa7cf261ac_Anchor_Explainer_DetectorRadford,5fc9975e05b6dfc33272bb4cdd836cc0824aa113aaa397bd09d0fb74cce31168_Anchor_Explainer_DetectorRadford
20,DetectorRadford,Anchor_Explainer,"In logic, mathematics and linguistics, And (



∧


{\displaystyle \wedge }

) is the truth-functional operator of logical conjunction; the and of a set of operands is true if and only if all of its operands are true. The logical connective that represents this operator is typically written as 



∧


{\displaystyle \wedge }

 or  ⋅ .




A
∧
B


{\displaystyle A\land B}

 is true if and only if 



A


{\displaystyle A}

 is true and 



B


{\displaystyle B}

 is true, otherwise it is false.
An operand of a conjunction is a conjunct.
Beyond logic, the term ""conjunction"" also refers to similar concepts in other fields:","A computer scientist is a person who is trained in the academic study of computer science.
Computer scientists typically work on the theoretical side of computation, as opposed to the hardware side on which computer engineers mainly focus (although there is overlap). Although computer scientists can also focus their work and research on specific areas (such as algorithm and data structure development and design, software engineering, information theory, database theory, computational complexity theory, numerical analysis, programming language theory, computer graphics, and computer vision), their foundation is the theoretical study of computing from which these other fields derive.
A primary goal of computer scientists is to develop or validate models, often mathematical, to describe the properties of computational systems (processors, programs, computers interacting with people, computers interacting with other computers, etc.) with an overall objective of discovering designs that yield useful benefits (faster, smaller, cheaper, more precise, etc.).",1,1,True,True,292,151,0.868203768638849,0.1282051282051282,0.05524623578877558,e116470db16aa791b7a7a11835cd9cf6e6335d3c33458397b0b86c6486359b12_Anchor_Explainer_DetectorRadford,48b3882e967ad4c711328e7fb10dbbb034283b1e003f7bbe7822d5808c64467d_Anchor_Explainer_DetectorRadford
21,DetectorRadford,Anchor_Explainer,"It is difficult to accurately diagnose a medical condition without examining a patient in person and obtaining a full medical history. However, there are a few possible explanations for the symptoms you have described.

One possibility is endometriosis, a condition in which tissue similar to the lining of the uterus (called the endometrium) grows outside the uterus, causing pain and sometimes fertility problems. Other possibilities could include ovarian cysts, uterine fibroids, or pelvic inflammatory disease (PID).

It is important to see a healthcare provider for a proper evaluation and diagnosis. They can perform a physical examination, order appropriate tests, and discuss treatment options with you. In the meantime, it may be helpful to keep a symptom diary to help you and your healthcare provider track the pattern and severity of your symptoms.","It is possible that the pain and other symptoms you are experiencing could be related to anxiety. Stress and anxiety can cause physical symptoms such as chest pain, rapid heartbeat, and muscle tension. However, it is also important to consider the possibility that these symptoms could be caused by other factors, such as an underlying health condition. It is always a good idea to have any new or unusual symptoms checked out by a healthcare professional to determine the cause and ensure that you receive proper treatment. If you are concerned about your symptoms, I would recommend speaking with a healthcare provider for a proper evaluation. They can help determine the cause of your symptoms and recommend appropriate treatment.",0,0,False,False,80,296,0.9614546023752516,0.2553191489361702,0.31259035092174986,2b591b40c2ea9a0aefe618acd99c2b499c7eb759592aaac6707fc9039bfedf07_Anchor_Explainer_DetectorRadford,b3ec68c74de53fc0c6fe8729beb8ae1840ff888e169d559297ce3addd5b59a7e_Anchor_Explainer_DetectorRadford
22,DetectorRadford,Anchor_Explainer,"Waldenstrom's macroglobulinemia is a type of lymphoma, a cancer of the immune system. It is characterized by the production of abnormal amounts of a protein called IgM (immunoglobulin M) in the blood. This can lead to a range of symptoms, including weakness, fatigue, and body aches.

It is possible that the body aches and other symptoms you are experiencing could be related to your Waldenstrom's macroglobulinemia. It is important to discuss any symptoms you are experiencing with your oncologist, as they may be able to suggest treatment options or referrals to other specialists who can help manage your symptoms.

It is also important to follow your treatment plan and attend regular check-ups with your oncologist to monitor the progression of your disease and to make any necessary adjustments to your treatment plan.","It is not uncommon for pain to increase after a cortisone injection. This can occur for a variety of reasons. For example, the injection may cause inflammation at the injection site, which can lead to increased pain. Additionally, the injection may temporarily increase blood flow to the area, which can cause swelling and discomfort. It is also possible that the pain is unrelated to the cortisone injection and is simply a coincidence.

If you are experiencing increased pain or difficulty breathing after the cortisone injection, it is important to contact your doctor. They can assess your symptoms and determine the cause of the pain. They may recommend medications or other treatments to help manage the pain. It is also important to follow your doctor's instructions for post-injection care, such as avoiding strenuous activity or applying ice to the injection site.",0,0,False,False,132,255,0.9833308166968809,0.24060150375939848,0.161283767587918,4f3d9b0506f8558d1e36d0c1dfa7ad6b17e57a1eff8400979e89e4c31ad646b1_Anchor_Explainer_DetectorRadford,60707fbb129a62fd3e3a762cb9a9c8d57a8781c4d65dda94e0bd84ae4b54910c_Anchor_Explainer_DetectorRadford
23,DetectorRadford,Anchor_Explainer,"It is not advisable to ignore tax obligations and start a new business to avoid paying taxes. This could be considered tax evasion, which is a serious offense that can result in criminal charges and significant penalties.Instead, you should try to come to a resolution with the tax authorities to pay the taxes that your company owes. You may be able to negotiate a payment plan or an offer in compromise to resolve the tax debt. Ignoring the problem is likely to make it worse, and could lead to legal action being taken against your company.It is important to seek the advice of a qualified tax professional to help you understand your options and determine the best course of action for your specific situation. They can help you negotiate with the tax authorities and find a solution that works for you and your business.","It is important to note that alternative medicine, such as homeopathy and ayurveda, should not be used as a replacement for conventional medical treatment for esophagus disorders. It is important to consult with a medical professional and follow their recommended treatment plan.

That being said, some people with esophagus disorders may find relief from symptoms with the use of alternative medicine in addition to conventional treatment. If you are interested in exploring the use of alternative medicine, it is important to discuss this with your doctor and make sure that it is safe and appropriate for your specific condition.

It is also important to note that the effectiveness of alternative medicine for esophagus disorders has not been widely studied and there is limited scientific evidence to support its use. Therefore, it is important to be cautious and to carefully consider the potential risks and benefits before trying any alternative treatments.",0,0,False,False,281,283,0.9510900325779242,0.17763157894736842,0.15331008998798132,8307ed3a452a1150d1768381ecba695ab7a0a857fdf66ce7b70795da408d1627_Anchor_Explainer_DetectorRadford,84534927d51051602ae5f88b2ae19eb988ea070fa35837ba68b9b85abef414e0_Anchor_Explainer_DetectorRadford
24,DetectorRadford,LIME_Explainer,"It's possible that the pain in your back is related to your bronchitis, although without more information it's difficult to say for sure. It's possible that the inflammation caused by the bronchitis is causing pain in the skin on your back. Alternatively, the pain could be due to a muscle strain or other unrelated issue.

To help relieve the pain, you could try taking over-the-counter pain medication, such as acetaminophen (Tylenol) or ibuprofen (Advil). Applying a warm compress to the affected area may also help. If the pain persists or becomes severe, you should consult your healthcare provider for further evaluation and treatment.

It's also important to continue taking your antibiotics as prescribed and to follow any other recommendations from your healthcare provider to help speed your recovery from bronchitis.","If a trendline or pattern breaks due to some bad news but then returns back, it could be an opportunity to buy if you believe the bad news was temporary and the trend or pattern will continue. However, it's important to carefully consider the situation and do your own analysis before making any investment decisions. It's also a good idea to diversify your portfolio and not to put too much of your investment capital into any one asset.",1,1,False,False,74,248,0.9421107207702323,0.16030534351145037,0.17732777062827604,344f46edfe91a144674da8ef3262a58698950066cae54834b61469a801f583b1_LIME_Explainer_DetectorRadford,436c7e65081fa1a6597579ee32d8b6a0d7f88f1a3d8af0db3a3ea96dfab10035_LIME_Explainer_DetectorRadford
25,DetectorRadford,LIME_Explainer,"It doesn't generally matter, and I'm not sure if it is in fact in use by the IRS other than for general statistics (like ""this year 20% of MFJ returns were with one spouse being a 'homemaker'""). They may be able to try and match the occupation and the general levels and types of income, but for self-employed there's a more precise and reliable field on Schedule C and for employees they don't really need to do this since everything is reported on W2 anyway. So I don't think they even bother or give a lot of value to such a metric. So yes, I'm joining the non-authoritative ""doesn't matter"" crowd.","Hello, Thanks for your query.This can occur due to constipation and the white thing could have a protective mucus coating. The contraction of the large bowel to expel this can give you the pain. There can be an internal problem like an ulcer or a mass contributing to this. If you continue to get the same problems, it will be better to consult an Gastro and for further investigations like colonoscopy to rule out an internal problem.I do hope that you have found something helpful and I will be glad to answer any further query.Take care",1,1,True,True,40,163,0.9288793517016144,0.10810810810810811,0.10830841073586557,5ae5387b74d5d39364702c87dfff6d52121b249c4e7e6b28e9d3684e67481016_LIME_Explainer_DetectorRadford,797c3e2456febfd1031497754c2da79b9b0cb00f770118509209354664a94d17_LIME_Explainer_DetectorRadford
26,DetectorRadford,LIME_Explainer,"TL;DR: The date they were granted.  (Usually, this follows both an offer and acceptance.) It's not uncommon for a new vesting clock to start when there's a new round of funding coming in, because the investors want to make sure the key people are going to be engaged and incentivized going forward from that point.  They don't lower their expectations for how long they want folks engaged based on the person having started earlier.  Non-institutional investors may have the same concerns as institutional investors here and use the same vesting strategy to address them. Primary recognition of the benefits from having had people start earlier or be there longer (so long as it correlates with having gotten more done) is embedded in the valuation (which affects how much founders' shares are diluted in the raise).","It is possible for cysts to develop in the liver, and the presence of multiple cysts in both lobes of the liver could be a serious condition depending on the size and number of the cysts, as well as any symptoms that may be present. Some common causes of liver cysts include congenital abnormalities (present at birth), infection, and trauma. However, it is important to note that not all liver cysts require treatment, and in some cases they may be benign (non-cancerous) and cause no symptoms.

It is important to speak with a healthcare professional about the specific details of your CT scan and any symptoms you may be experiencing. They will be able to provide you with more information about the nature and potential treatment of your liver cysts.",1,1,True,False,71,227,0.9632885174282868,0.15757575757575756,0.09577672865835724,da9b052c0d269c574dcea123c6cb2f9fd6c299427e64b2f1d8353d0574fc9445_LIME_Explainer_DetectorRadford,9eac8625f1ce76e3ab8a5f3aac8669a179e0abf5fff35cc822f89c3b4e431ae4_LIME_Explainer_DetectorRadford
27,DetectorRadford,LIME_Explainer,"The price of fuel in Australia, like in any other country, is determined by a variety of factors, including the cost of production, transportation, and distribution, as well as market demand and supply. Additionally, taxes and other government policies can also impact the price of fuel. It is difficult to say whether the current price of fuel in Australia is too high or not without more information about the specific market conditions and factors that are influencing it.","I'm not familiar with the term ""cake and underwear"" stocks. It's possible that this is a slang term used by some investors to refer to stocks that are considered to be essential or basic necessities, similar to how cake and underwear are essential items that people need on a regular basis. However, without more context it is difficult to say for certain what this term refers to. It's possible that it could be used to describe a variety of different types of stocks, depending on how it is being used.",0,0,False,False,47,125,0.8862626405374056,0.20202020202020202,0.1041827556241561,a7b3bdfabc7637684099747710ffcb3511ba513b324be215e8a17e7118f4ce2d_LIME_Explainer_DetectorRadford,3d19b3cac118bd0523a41e321108d01137a1f51436fde8b74c38a3690497b146_LIME_Explainer_DetectorRadford
28,DetectorRadford,LIME_Explainer,"Investing in stocks can be a good idea if you are able to accept the risks that come with it. Stocks can offer the potential for high returns, but they can also fluctuate in value, and you could lose money. Before you invest in stocks, it's important to do your research and understand the basics of the stock market. It's also important to have a long-term perspective and a diversified portfolio, which means investing in a variety of different stocks and asset classes rather than putting all of your money into one type of investment. It's also a good idea to consult with a financial advisor or professional before making any investment decisions.","Share owner services, also known as shareholder services or stock transfer services, are a set of administrative services that are provided to shareholders of a company. These services typically include managing the transfer of ownership of shares, processing dividend payments and stock splits, and maintaining records of share ownership. They may also include providing information to shareholders about the company, its financial performance, and corporate governance issues. The purpose of share owner services is to ensure that shareholders have a reliable and efficient way to manage their investments in the company and to provide them with the information and support they need to make informed decisions about their holdings.",0,0,False,False,196,272,0.9392346448238671,0.13533834586466165,0.10808874436486489,f022d78aadca7c71859f5ac0face8af6733d02c0e59b3731b90b918cd9eaae83_LIME_Explainer_DetectorRadford,3fe9da95aee2d9fb76a7f18840ca38645ba725f62686e480aa63ac84bb11ee7c_LIME_Explainer_DetectorRadford
29,DetectorRadford,LIME_Explainer,"Credit unions are not-for-profit financial cooperatives that are owned and controlled by their members. In order to join a credit union, an individual must meet the credit union's membership requirements, which may include living or working in a certain area, being affiliated with a certain organization, or meeting other eligibility requirements. Credit unions are typically open to anyone who meets these requirements and is willing to become a member.However, it is worth noting that not all credit unions have the same membership requirements, and some credit unions may have more restrictive eligibility requirements than others. Some credit unions may be open only to members of a specific organization or group, such as a union or employer, while others may be open to anyone who lives or works in a particular region. It is important to check the specific membership requirements of a credit union before attempting to join.","Gordon Bell is a computer scientist and electrical engineer who has made significant contributions to the field of computer architecture and digital hardware design. He is best known for his work on the VAX computer system and for the development of the SPEC benchmarks, which are used to measure the performance of computer systems. Bell has also played a major role in the development of the field of high-performance computing, and has received numerous awards and honors for his work, including the IEEE Computer Society's Computer Pioneer Award and the ACM SIGARCH Maurice Wilkes Award. He is currently a researcher at Microsoft Research and a professor emeritus at Carnegie Mellon University.",0,0,False,False,161,204,0.8654329923962544,0.1,0.035942069096041446,51d1e47a3a3e56608b1fbc9a3f63dfd38a5d07ecd938376e90689070b826a166_LIME_Explainer_DetectorRadford,49afdd008b7667f8c575f34ad378723e39feb10666c2e923c3fe76e083704854_LIME_Explainer_DetectorRadford
30,DetectorRadford,SHAP_Explainer,"Predictive analytics encompasses a variety of statistical techniques from data mining, predictive modeling, and machine learning that analyze current and historical facts to make predictions about future or otherwise unknown events.
In business, predictive models exploit patterns found in historical and transactional data to identify risks and opportunities. Models capture relationships among many factors to allow assessment of risk or potential associated with a particular set of conditions, guiding decision-making for candidate transactions.
The defining functional effect of these technical approaches is that predictive analytics provides a predictive score (probability) for each individual (customer, employee, healthcare patient, product SKU, vehicle, component, machine, or other organizational unit) in order to determine, inform, or influence organizational processes that pertain across large numbers of individuals, such as in marketing, credit risk assessment, fraud detection, manufacturing, healthcare, and government operations including law enforcement.","Human intelligence is the intellectual capability of humans, which is marked by complex cognitive feats and high levels of motivation and self-awareness. High intelligence is associated with better outcomes in life.
Through intelligence, humans possess the cognitive abilities to learn, form concepts, understand, apply logic and reason, including the capacities to recognize patterns, plan, innovate, solve problems, make decisions, retain information, and use language to communicate. There are conflicting ideas about how intelligence is measured, ranging from the idea that intelligence is fixed upon birth, or that it is malleable and can change depending on an individual's mindset and efforts. Several subcategories of intelligence, such as emotional intelligence or social intelligence, are heavily debated as to whether they are traditional forms of intelligence. They are generally thought to be distinct processes that occur, though there is speculation that they tie into traditional intelligence more than previously suspected.",1,1,True,True,6,247,0.9554576980061745,0.10837438423645321,0.06509843577186564,42b84c175e792cbace8c18218652b0e5fc172d0722913d506f6ee3be1091a6f6_SHAP_Explainer_DetectorRadford,936af4095ba223d41fa40efae657dfe1169abfac77176d592e017e841f00de29_SHAP_Explainer_DetectorRadford
31,DetectorRadford,SHAP_Explainer,"As your is a very specific case, please get an advice of CA. It should not cost you much and make it easier. The sale of agriculture land is taxable in certain conditions and exempt from tax in other cases. Sale of agricultural land is subject to capital gains tax. But there are certain exemptions under Section 54B, subject to conditions, which are as follows:    If deemed taxable, you can avail indexation, ie the price at which you grandfather got [the date when he inherited it as per indexation] and pay 10% on the difference. If the price is not known, you can take the govt prescribed rate.   As there is a large deposit in your fathers account, there can be tax queries and need to be answered. Technically there is no tax liable even if your grandfather gifts the money to your father. More details at http://www.telegraphindia.com/1130401/jsp/business/story_16733007.jsp and http://www.incometaxindia.gov.in/publications/4_compute_your_capital_gains/chapter2.asp","Assuming you live in the US, it is quite normal when you are applying for a loan that the application will ask you to confirm your identity. One of these methods is to ask you which of the following addresses you have lived at, with some of them being very similar (i.e. same city, or maybe even the same street). Sometimes they will ask questions and your answer would be ""None of the above."" This is done to prevent fraudsters from applying for a loan under your identity. If you see no signs of unauthorized accounts or activities on your credit reports, and you initiated the car loan application, then you should be fine.",1,1,True,True,82,238,0.965907453019884,0.15432098765432098,0.1423502783969935,6b25114906789fc86fa719f0394277f9289f080cbbbc7ef1abbdd038f00db4b6_SHAP_Explainer_DetectorRadford,60b992dfcad293c2fbe76d7842a4e469ba041ced7c527062e4be34058e2d9d44_SHAP_Explainer_DetectorRadford
32,DetectorRadford,SHAP_Explainer,"Alonzo Church (June 14, 1903 – August 11, 1995) was an American mathematician, computer scientist, logician, philosopher, professor and editor who made major contributions to mathematical logic and the foundations of theoretical computer science. He is best known for the lambda calculus, the Church–Turing thesis, proving the unsolvability of the Entscheidungsproblem, the Frege–Church ontology, and the Church–Rosser theorem. He also worked on philosophy of language (see e.g. Church 1970). Alongside his student Alan Turing, Church is considered one of the founders of computer science.","Sir Charles Antony Richard Hoare (Tony Hoare or C. A. R. Hoare) FRS FREng (born 11 January 1934) is a British computer scientist who has made foundational contributions to programming languages, algorithms, operating systems, formal verification, and concurrent computing. His work earned him the Turing Award, usually regarded as the highest distinction in computer science, in 1980.
Hoare developed the sorting algorithm quicksort in 1959–1960. He developed Hoare logic, an axiomatic basis for verifying program correctness. In the semantics of concurrency, he introduced the formal language communicating sequential processes (CSP) to specify the interactions of concurrent processes, and along with Edsger Dijkstra, formulated the dining philosophers problem.[10][11][12] He is also credited with development (and later criticism) of the null pointer, having introduced it in the ALGOL family of languages. Since 1977, he has held positions at the University of Oxford and Microsoft Research in Cambridge.",1,1,True,True,140,269,0.971316904524595,0.14556962025316456,0.16687650480081972,652189ac593cc7b3afcb7e0bd1c48f5b8209e21ca515947d7c216869dd2e9185_SHAP_Explainer_DetectorRadford,0d824782624b2690ac2bde813a1cf6a7df527e243a4875e309d56a6cb04116f6_SHAP_Explainer_DetectorRadford
33,DetectorRadford,SHAP_Explainer,"It is possible that your son is experiencing an allergic reaction to the capsicum and paneer. Allergic reactions can vary in severity and may involve symptoms such as throat pain, coughing, difficulty swallowing, and difficulty breathing. The symptoms may improve with treatment, but they may also recur if exposure to the allergen continues.

If your son is experiencing recurrent allergic reactions after eating capsicum and paneer, it is important to avoid these foods in the future to prevent further allergic reactions. You may also want to consider discussing your son's symptoms with an allergist or immunologist, who can perform allergy testing to determine which specific substances are causing the allergic reactions and help develop a plan to manage the allergies. In the meantime, it is important to follow your doctor's instructions for treating the allergic reactions and to seek medical attention if the symptoms worsen or do not improve.","There are many potential causes of fever, shivering, and body pain. Some common causes include:

Infections: Infections, such as the flu or pneumonia, can cause fever, shivering, and body aches.

Immunological disorders: Certain immune disorders, such as autoimmune diseases, can cause fever and body aches.

Inflammatory conditions: Inflammatory conditions, such as rheumatoid arthritis or lupus, can cause fever, body aches, and joint pain.

Cancer: In some cases, cancer can cause fever, shivering, and body pain.

It is important to see a doctor to determine the cause of your wife's symptoms and receive proper treatment. In the meantime, you can try to reduce the fever by giving her acetaminophen (Tylenol) or ibuprofen (Advil) and encouraging her to rest and drink plenty of fluids.",0,0,False,False,170,301,0.9192424598506673,0.16,0.0894710344591062,53bb29915fb86c3bd323ddf3342af288e3110b3d8c470c1eb5f42394840efd58_SHAP_Explainer_DetectorRadford,0e65e1bbbf8133d14e940529817a55398d439910f1376e70272bb3a6fca25e02_SHAP_Explainer_DetectorRadford
34,DetectorRadford,SHAP_Explainer,"Ex Machina is a 2014 science fiction film written and directed by Alex Garland in his directorial debut. There are four significant characters, played by Domhnall Gleeson, Alicia Vikander, Sonoya Mizuno, and Oscar Isaac. In the film, programmer Caleb Smith (Gleeson) is invited by his CEO (Isaac) to administer the Turing test to an intelligent humanoid robot (Vikander).
Made on a budget of $15 million, Ex Machina grossed $36 million worldwide. It received acclaim, with praise for its leading performances, the screenplay, the visual effects, and the editing. The film was nominated for two awards at the 88th Academy Awards, winning Best Visual Effects, and received numerous other accolades.","Yes, an individual share of stock has a unique identifier, which is known as a ticker symbol. A ticker symbol is a series of letters that represents a specific publicly traded company's stock. It is used to identify the company's stock on exchanges and other financial platforms. For example, the ticker symbol for Apple Inc. is ""AAPL,"" and the ticker symbol for Microsoft Corporation is ""MSFT."" When you purchase a share of stock, you will receive a certificate that lists the ticker symbol for the company, along with other information about the stock, such as the number of shares you own and the price at which you purchased the shares.",0,0,True,False,131,138,0.8203645272224697,0.1048951048951049,0.05150963373078507,9c2819093af7132a0a8561724a8df7917529cfc64b2f8c662f6ba7fbdba167f6_SHAP_Explainer_DetectorRadford,e755f987a374165af6f73c08941038e34ee0062bf016af95765ec779f8e910b7_SHAP_Explainer_DetectorRadford
35,DetectorRadford,SHAP_Explainer,"If your deductions are higher than your income, it is possible that you may not owe any taxes. This can happen if you have a loss for the tax year, which can be calculated by subtracting your deductions from your income. If the result is a negative number, then you have a loss for the tax year.However, it's important to note that losses from some types of income, such as wages, salaries, and self-employment income, may be limited in the amount that can be claimed on your tax return. Additionally, you may be able to carry over any excess loss to future tax years and use it to offset income in those years.It's a good idea to consult with a tax professional or refer to the Internal Revenue Service (IRS) guidelines to determine how to properly report and claim losses on your tax return.","If you are experiencing abdominal pain and bloating, especially if it is severe or accompanied by other symptoms such as fever, vomiting, or diarrhea, it is important to seek medical attention as soon as possible. Appendicitis is a potentially serious condition that requires prompt treatment, and the symptoms you have described could be indicative of appendicitis or another serious condition.

If you are unable to reach your doctor or do not have one, it is advisable to go to the nearest emergency department or urgent care center for evaluation and treatment. Do not hesitate to seek medical attention, especially if you are experiencing severe or worsening symptoms. It is better to be safe and get checked out by a medical professional rather than risk worsening your condition.",0,0,False,False,77,177,0.9450307624043468,0.1917808219178082,0.13489318139200004,4a28a8f0d8c6fbee4a7aad31697d315f2e4782776460940f74505a777beeea7e_SHAP_Explainer_DetectorRadford,642deaeddd2290674c7e87199e3d35b5a1720219827bef647d8795d795148aba_SHAP_Explainer_DetectorRadford
36,DetectorGuo,Anchor_Explainer,"Hello, Thanks for your query.This can occur due to constipation and the white thing could have a protective mucus coating. The contraction of the large bowel to expel this can give you the pain. There can be an internal problem like an ulcer or a mass contributing to this. If you continue to get the same problems, it will be better to consult an Gastro and for further investigations like colonoscopy to rule out an internal problem.I do hope that you have found something helpful and I will be glad to answer any further query.Take care","thanks for your query, the bump could be secondary to the impact or any nasal bone fracture. consult your oral physician and get radiographs done to rule out fracture. you can take antiinflammatory drugs to reduce the swelling but cause has to be ruled out. i hope my answer will help you take care",1,1,True,True,163,175,0.962259057047494,0.23655913978494625,0.2555730070710987,797c3e2456febfd1031497754c2da79b9b0cb00f770118509209354664a94d17_Anchor_Explainer_DetectorGuo,b2ae8a1624e51a0894124a9aaae1fb99c3557b284a96c7338d464111e90d3425_Anchor_Explainer_DetectorGuo
37,DetectorGuo,Anchor_Explainer,"Use VTIVX. The ""Target Retirement 2045"" and ""Target Retirement 2045 Trust Plus"" are the same underlying fund, but the latter is offered through employers.  The only differences I see are the expense ratio and the minimum investment dollars.  But for the purposes of comparing funds, it should be pretty close. Here is the list of all of Vanguard's target retirement funds. Also, note that the ""Trust Plus"" hasn't been around as long, so you don't see the returns beyond the last few years.  That's another reason to use plain VTIVX for comparison. See also: Why doesn't a mutual fund in my 401(k) have a ticker symbol?","they apply it to my next payment That's what my bank did with my auto loan.  I got so far ahead that once I was able to skip a payment and use the money I would have sent the bank that month for something else.  Still, though, I kept on paying extra, and eventually it was paid off faster than ""normal"". EDIT:  what does your loan agreement say is supposed to happen to extra payments?",1,1,True,True,5,50,0.8444693728625342,0.16666666666666666,0.0669863989130398,7f8cd548cf57f327155b067b8fbdbfc3b124bea38e84e54e6d33d2cb0d9b3505_Anchor_Explainer_DetectorGuo,f3372df44a7f627dbf381c0e0732206e97b01b859f51726fce8f34dc5f51e113_Anchor_Explainer_DetectorGuo
38,DetectorGuo,Anchor_Explainer,"I've heard of handyman type people making a living this way untaxed.  They move into a fixer-upper, fix it up while living there, stay over two years and sell.  They can pocket $125k/yr tax free this way assuming they produce that much value in their fixing-up.  (Beware, though, that this will bite you in low social security payments in retirement!)","Both are saying essentially the same thing.  The Forbes articles says ""as much as 20% [...] up to a maximum of $50,000"".  This means the same as what the IRS page when it says the lesser of a percentage of your income or a total of $53,000.  In other words, the $53k is a cap: you can contribute a percentage of your earnings, but you can never contribute more than $53k, even if you make so much money that 20% of your earnings would be more than that. (The difference between 20% and 25% in the two sources appears to reflect a difference in contribution limits depending on whether you are making contributions for employees, or for yourself as a self-employed individual; see Publication 560.  The difference between $50k and $53k is due to the two pages being written in different years; the limits increase each year.)",1,1,True,True,0,52,0.8874951075616169,0.13513513513513514,0.0909054275804122,6a66e7a115420485acd54c0cb9e5dc4e9e508b29af4b544aee8ec3f9adfaf7ac_Anchor_Explainer_DetectorGuo,714b04dd8923e09ea3f370b93660441d792104140d13d38c697abcbe465d0e10_Anchor_Explainer_DetectorGuo
39,DetectorGuo,Anchor_Explainer,"It's not appropriate for me to provide specific medical advice or to comment on the treatment plan that your doctor has prescribed for you without knowing more about your individual case and medical history. It's important to follow the treatment plan recommended by your doctor, as they are the most qualified to provide you with the appropriate care. If you have any concerns about your treatment plan, it's important to discuss them with your doctor. They will be able to provide you with more information and help address any questions or concerns you may have.","It is important to note that alternative medicine, such as homeopathy and ayurveda, should not be used as a replacement for conventional medical treatment for esophagus disorders. It is important to consult with a medical professional and follow their recommended treatment plan.

That being said, some people with esophagus disorders may find relief from symptoms with the use of alternative medicine in addition to conventional treatment. If you are interested in exploring the use of alternative medicine, it is important to discuss this with your doctor and make sure that it is safe and appropriate for your specific condition.

It is also important to note that the effectiveness of alternative medicine for esophagus disorders has not been widely studied and there is limited scientific evidence to support its use. Therefore, it is important to be cautious and to carefully consider the potential risks and benefits before trying any alternative treatments.",0,0,False,False,64,283,0.9498289432202853,0.25210084033613445,0.2532659713703468,1c35a009e503d36bb2c4626ddfba2ae6b24be70146daec612eda12a884ba5bab_Anchor_Explainer_DetectorGuo,84534927d51051602ae5f88b2ae19eb988ea070fa35837ba68b9b85abef414e0_Anchor_Explainer_DetectorGuo
40,DetectorGuo,Anchor_Explainer,"It is important to seek medical attention for sudden onset abdominal pain and vomiting. The specific treatment will depend on the underlying cause of the symptoms.

Possible causes of left lower quadrant pain and vomiting include gastrointestinal issues such as bowel obstruction, diverticulitis, or gastroenteritis, as well as other conditions such as urinary tract infection or ovarian cysts.

Initial treatment may involve managing pain with medications, as well as replacing fluids and electrolytes lost due to vomiting. Depending on the cause, further treatment may be necessary, such as antibiotics for an infection or surgery to remove a blockage.

It is important for the individual to see a healthcare provider for proper diagnosis and treatment. The provider will ask about the individual's medical history, perform a physical examination, and may order tests such as blood work, a CT scan, or X-ray to help determine the cause of the symptoms.","It is possible that the pain and other symptoms you are experiencing could be related to anxiety. Stress and anxiety can cause physical symptoms such as chest pain, rapid heartbeat, and muscle tension. However, it is also important to consider the possibility that these symptoms could be caused by other factors, such as an underlying health condition. It is always a good idea to have any new or unusual symptoms checked out by a healthcare professional to determine the cause and ensure that you receive proper treatment. If you are concerned about your symptoms, I would recommend speaking with a healthcare provider for a proper evaluation. They can help determine the cause of your symptoms and recommend appropriate treatment.",0,0,False,False,122,296,0.9546641082907914,0.20833333333333334,0.3286896845755025,08a7b4e29d115abac42856432e00f2d1948de7c9c99a7227c5ec191c62856cc7_Anchor_Explainer_DetectorGuo,b3ec68c74de53fc0c6fe8729beb8ae1840ff888e169d559297ce3addd5b59a7e_Anchor_Explainer_DetectorGuo
41,DetectorGuo,Anchor_Explainer,"The opposite of a hedge is a speculative position. A hedge is a financial instrument that is used to reduce the risk of potential loss from price movements in an asset. It is a way to protect against potential losses in an investment. A speculative position, on the other hand, is one in which an investor is taking on more risk in the hopes of realizing a larger potential gain.","There are many stocks that may have only had one significant peak or increase in price. These types of stocks are often referred to as ""one-hit wonders"" or ""flash in the pan"" stocks. These stocks may have experienced a sudden surge in price due to a variety of factors, such as a new product or service launch, a positive earnings report, or a change in market conditions. However, these stocks may also be more prone to volatility and may not have a consistent track record of performance. It's important to thoroughly research and assess the risks and potential rewards of any stock before investing in it.",0,0,False,False,35,210,0.9129957881562721,0.11926605504587157,0.10741265970950603,4821b7b7fc212de2c8264769259f2dd8d8914003e2f1e8fb3a2d923935ac4621_Anchor_Explainer_DetectorGuo,ff797fc8902be0f317e8a27ce16d17883ef5f2b97d50b52482a402a7d44512d1_Anchor_Explainer_DetectorGuo
42,DetectorGuo,LIME_Explainer,Hello dearWarm  welcome to Healthcaremagic.comI have evaluated your query thoroughly .*  This is in relation with different  issues as    -  dehydration following polyuria  from alcoholism  -  in consumption with    possible intake  of  spices  with  alcohol  -  psychosomatic  manifestation    of  underlying  stress or  anxiety  -  others Hope this clears your doubt  .Wishing you fine recovery .Welcome for any further  assistance .Regards dear take care .,"Thanks for your question on Healthcare Magic. I can understand your concern. Yes, these symptoms can be due to anxiety. But better to rule arrhythmia (rhythm disturbances in heart) because it can also cause chest pain, faster heart beats etc. So consult doctor and get done ecg, 2d echo and Holter monitoring (24 hours continuous recording of ecg). If all these are normal then no need to worry for arrhythmia or other heart diseases. Stress and anxiety can also cause similar symptoms. So consult psychiatrist and get done counselling sessions . Try to identify stressor in your life and start working on it's solution. You may need anxiolytic drugs too. Avoid stress and tension, be relax and calm. Don't worry, you will be alright, but first rule out heart diseases. Hope I have solved your query. I will be happy to help you further. Wish you good health. Thanks.",1,1,True,True,129,194,0.8719720772570635,0.09271523178807947,0.09371979423954745,e5e2abf2af1e944f04c8c9d000f7dbf4e66c4d234f83a992d4a98f1a81e21099_LIME_Explainer_DetectorGuo,47e9700fa53a47fb40d1025a89aec77680c41248c82119e28dac3a411a01b6b3_LIME_Explainer_DetectorGuo
43,DetectorGuo,LIME_Explainer,"You'll likely see several more scary market events before your autumn years. Ahhh, everyone has an opinion on this so here is mine :) If you are constrained to picking canned mutual fund products then I would target something with decent yield for two points. The third is to keep some in cash for an 'event'.   I would say 65/35 at this point so invest 65% and have some liquidity for an 'opportunity'.  Because the next crisis is right around the corner. But stay invested.","There is more than one exchange where stock can be traded.   For example, there is the New York Stock Exchange and the London Stock Exchange.  In fact, if you look at all the exchanges, there is essentially continuous trading 24/7 for many financial instruments (eg US government bonds). The closing price quoted in papers is usually the price at the close on the NYSE.  However, options close after that and so there is after-the-close trading in many stocks with active options, so the price at the close of options trading at CBOE is often used. The ""real"" price is always changing.  But for the purpose of discussion, using the closing price in NYSE (for NYSE listed stocks) is pretty standard and unlikely to be questioned.  Likewise, using Bloomberg's price makes sense. Using some after-hours or small market quote could lead to differences with commonly accepted numbers - until tomorrow :)",1,1,True,True,173,176,0.8718777814046963,0.12883435582822086,0.09588803090807055,7bd59b306ee4f86d66ea0c02c7c6ad2f0c42df557f3731c23d04e7c7042cd2ff_LIME_Explainer_DetectorGuo,01a0585172d6ef251986f3a3c948aba03c79e8c8bdef42ceda824ce78e515b8e_LIME_Explainer_DetectorGuo
44,DetectorGuo,LIME_Explainer,"It doesn't generally matter, and I'm not sure if it is in fact in use by the IRS other than for general statistics (like ""this year 20% of MFJ returns were with one spouse being a 'homemaker'""). They may be able to try and match the occupation and the general levels and types of income, but for self-employed there's a more precise and reliable field on Schedule C and for employees they don't really need to do this since everything is reported on W2 anyway. So I don't think they even bother or give a lot of value to such a metric. So yes, I'm joining the non-authoritative ""doesn't matter"" crowd.","Tensor Processing Unit (TPU) is an AI accelerator application-specific integrated circuit (ASIC) developed by Google for neural network machine learning, using Google's own TensorFlow software. Google began using TPUs internally in 2015, and in 2018 made them available for third party use, both as part of its cloud infrastructure and by offering a smaller version of the chip for sale.",1,1,True,True,40,298,0.7286581888185197,0.10948905109489052,0.046860928266944074,5ae5387b74d5d39364702c87dfff6d52121b249c4e7e6b28e9d3684e67481016_LIME_Explainer_DetectorGuo,08ac87bf5ee10038bcf58a3df460c7bfeed8fa314ad18d1fbc2eff473a1c2f30_LIME_Explainer_DetectorGuo
45,DetectorGuo,LIME_Explainer,"In computer science, a dependency refers to the relationship between two pieces of software, where one piece of software (the dependent) relies on the other (the dependency).



For example, consider a software application that uses a database to store and retrieve data. The software application is dependent on the database, because it relies on the database to function properly. Without the database, the software application would not be able to store or retrieve data, and would not be able to perform its intended tasks.



In this context, the software application is the dependent, and the database is the dependency.



Dependencies can be managed in various ways, including through the use of dependency management tools such as Maven, Gradle, and npm. These tools help developers to specify, download, and manage the dependencies that their software relies on, making it easier to build and maintain complex software projects.","It is important to get the lump on your grandson's temple checked out by a healthcare provider. It is possible that it could be a mosquito bite, a tick bite, or a spider bite, but it could also be something else. It is always better to have a healthcare provider assess any lumps or bumps on the body to determine the cause and appropriate treatment.

In the meantime, you can try to keep the area clean and dry, and you can apply a cool compress to the area to help reduce swelling and discomfort. If your grandson experiences any other symptoms, such as fever, dizziness, or difficulty breathing, you should seek medical attention right away.",0,0,False,False,207,216,0.904087289499912,0.12244897959183673,0.09135684393278165,4798eabcb307138abb04e6269df94f070e1aa25515cc7d1ac63cc23f3d3f132b_LIME_Explainer_DetectorGuo,739372dc4bf92366bc991aab94a8f80ee06f90e30c51cd5c4bc286de0dec2016_LIME_Explainer_DetectorGuo
46,DetectorGuo,LIME_Explainer,"A Tensor Processing Unit (TPU) is a custom accelerator designed specifically to speed up machine learning workloads. TPUs are designed to perform matrix operations efficiently, which makes them well-suited for accelerating tasks such as training deep neural networks.



TPUs are designed to work in conjunction with Google's TensorFlow machine learning framework. They can be used to perform a variety of machine learning tasks, including training deep neural networks, making predictions using trained models, and performing other machine learning-related operations.



TPUs are available in a variety of configurations, including standalone devices that can be used in data centers and cloud environments, as well as small form factor devices that can be used in mobile devices and other embedded systems. They are highly efficient and can provide significant performance improvements over traditional CPUs and GPUs for machine learning workloads.","It is difficult to determine the frequency with which typical investors lose money, as there is a wide range of factors that can impact the performance of an investment. Some investors may experience losses on a regular basis, while others may only experience losses infrequently or not at all.In general, the stock market has historically tended to trend upwards over the long term, although there have been periods of significant volatility and declines. The performance of individual stocks and other investments can vary widely, and it is not uncommon for some investments to lose value.Investors can help to reduce the likelihood of experiencing losses by diversifying their investment portfolio, which can help to spread risk across a range of assets. It is also important for investors to be aware of the risks associated with different types of investments and to manage their portfolio appropriately in order to mitigate potential losses.",0,0,False,False,33,256,0.9359115586695141,0.10857142857142857,0.07000778681288418,06146f733e03754c43c81770ce1e2b06934eb318f50d93b0b5bc6fb2aa49fda9_LIME_Explainer_DetectorGuo,ed76b4ba45aefde60af94db8dd4cb92a1c331f5ce954bf5cc37403d0ac42e16f_LIME_Explainer_DetectorGuo
47,DetectorGuo,LIME_Explainer,"Yes, it is still possible to receive a physical certificate for your stock ownership, although it is becoming increasingly rare. Most stock transactions today are electronic, with ownership represented by electronic records rather than physical certificates.If you want to receive a physical certificate for your stock, you will need to request one from the company or its transfer agent. Some companies may charge a fee for issuing a physical certificate, and there may be additional fees for mailing the certificate to you.It is important to note that owning a physical certificate does not give you any additional rights as a shareholder. The rights and privileges associated with stock ownership are the same whether you hold a physical certificate or electronic records of your ownership.","If a company's stock is de-listed from a stock exchange, it means that the stock is no longer traded on that exchange. This can happen for a variety of reasons, such as the company failing to meet the exchange's listing requirements or the company going bankrupt. If the company's stock is later listed again on the exchange under a new symbol, it usually means that the company has taken steps to address the issues that led to its de-listing and has been re-approved to be traded on the exchange.If you owned shares in the company when it was de-listed, the value of your shares may have been affected. You should contact the company or your broker for more information about what happened to your shares and what your options are.",0,0,False,False,85,199,0.9644003757463989,0.17424242424242425,0.13878020110969785,2a25f893b9a12bf8353ec30061c37287265b907b5c58ff979cc75e344e2eceb7_LIME_Explainer_DetectorGuo,1ee4d90a14aa0daa48c63a9928631614de89049effce8aa5ec6a99c3e3e1abb8_LIME_Explainer_DetectorGuo
48,DetectorGuo,SHAP_Explainer,"TL;DR: The date they were granted.  (Usually, this follows both an offer and acceptance.) It's not uncommon for a new vesting clock to start when there's a new round of funding coming in, because the investors want to make sure the key people are going to be engaged and incentivized going forward from that point.  They don't lower their expectations for how long they want folks engaged based on the person having started earlier.  Non-institutional investors may have the same concerns as institutional investors here and use the same vesting strategy to address them. Primary recognition of the benefits from having had people start earlier or be there longer (so long as it correlates with having gotten more done) is embedded in the valuation (which affects how much founders' shares are diluted in the raise).","Reuters has a service you can subscribe to that will give you lots of Financial information that is not readily available in common feeds.  One of the things you can find is the listing/delist dates of stocks.  There are tools to build custom reports.  That would be a report you could write.  You can probably get the data for free through their rss feeds and on their website, but the custom reports is a paid feature. FWIW re-listing(listings that have been delisted but return to a status that they can be listed again) is pretty rare.  And I can not think of too many(any actually) penny stocks that have grown to be listed on a major exchange.",1,1,True,True,71,249,0.9535225179831955,0.12209302325581395,0.07314761219476436,da9b052c0d269c574dcea123c6cb2f9fd6c299427e64b2f1d8353d0574fc9445_SHAP_Explainer_DetectorGuo,e6b72b7969bbad53385251e1baf30d9f72a75067fc1707a1655fa38321f33f16_SHAP_Explainer_DetectorGuo
49,DetectorGuo,SHAP_Explainer,"AT&T Labs is the research & development division of AT&T, the telecommunications company. It employs some 1,800 people in various locations, including: Bedminster NJ; Middletown, NJ; Manhattan, NY; Warrenville, IL; Austin, TX; Dallas, TX; Atlanta, GA; San Francisco, CA; San Ramon, CA; and Redmond, WA. The main research division, made up of around 450 people, is based across the Bedminster, Middletown, San Francisco, and Manhattan locations.
AT&T Labs traces its history from AT&T Bell Labs. Much research is in areas traditionally associated with networks and systems, ranging from the physics of optical transmission to foundational topics in computing and communications. Other research areas address the technical challenges of large operational networks and the resulting large data sets.","Automated decision-making (ADM) involves the use of data, machines and algorithms to make decisions in a range of contexts, including public administration, business, health, education, law, employment, transport, media and entertainment, with varying degrees of human oversight or intervention. ADM involves large-scale data from a range of sources, such as databases, text, social media, sensors, images or speech, that is processed using various technologies including computer software, algorithms, machine learning, natural language processing, artificial intelligence, augmented intelligence and robotics. The increasing use of automated decision-making systems (ADMS) across a range of contexts presents many benefits and challenges to human society requiring consideration of the technical, legal, ethical, societal, educational, economic and health consequences.",1,1,True,True,92,102,0.9194969144126878,0.12337662337662338,0.09016309176412392,419fe06a0a8966dddad1519cb2bca2a274c12f552c6461ab67a4a5e2c29f15e6_SHAP_Explainer_DetectorGuo,a076837b4d14ff5dbce23f39055fe4e80396f0798946572536085c2d0b72db02_SHAP_Explainer_DetectorGuo
50,DetectorGuo,SHAP_Explainer,"A computer scientist is a person who is trained in the academic study of computer science.
Computer scientists typically work on the theoretical side of computation, as opposed to the hardware side on which computer engineers mainly focus (although there is overlap). Although computer scientists can also focus their work and research on specific areas (such as algorithm and data structure development and design, software engineering, information theory, database theory, computational complexity theory, numerical analysis, programming language theory, computer graphics, and computer vision), their foundation is the theoretical study of computing from which these other fields derive.
A primary goal of computer scientists is to develop or validate models, often mathematical, to describe the properties of computational systems (processors, programs, computers interacting with people, computers interacting with other computers, etc.) with an overall objective of discovering designs that yield useful benefits (faster, smaller, cheaper, more precise, etc.).","The way I would use it is, every trade done by a broker has a client side and a street side.  The client side is for their brokerage account, and the street side is whoever they traded with Say, John Doe calls me at Charles Schwab and wants to buy 100 IBM.  I look at the market and decide that the best execution is on Arca.  I trade on Arca for the client.  Then, I book a client side trade into his account, and a street side trade against Arca.  If I myself was a dealer in IBM and executed against my inventory, the street side would basically be internal, booking a trade against my account.",1,1,True,True,151,203,0.8143918337205287,0.08176100628930817,0.09453350907344317,48b3882e967ad4c711328e7fb10dbbb034283b1e003f7bbe7822d5808c64467d_SHAP_Explainer_DetectorGuo,7107855c70ca6021b3690796048a3da0067b5e6abf98d66f7afe1f3bc27d8604_SHAP_Explainer_DetectorGuo
51,DetectorGuo,SHAP_Explainer,"Automated decision-making refers to the use of computer algorithms and other technologies to make decisions without human intervention. These decisions can be made based on data and rules that have been programmed into the system, and they can be made at a faster rate and with greater consistency than if they were made by humans.



Automated decision-making is used in a variety of settings, including finance, insurance, healthcare, and the criminal justice system. It is often used to improve efficiency, reduce the risk of errors, and make more objective decisions. However, it can also raise ethical concerns, particularly if the algorithms or data used to make the decisions are biased or if the consequences of the decisions are significant. In these cases, it may be important to have human oversight and review of the automated decision-making process to ensure that it is fair and just.","Predictive analytics is a type of data analysis that involves using historical data and machine learning algorithms to make predictions about future events or outcomes. It involves building statistical models that can identify patterns and relationships in data, and using those models to predict what will happen in the future. Predictive analytics can be used in a variety of industries, including finance, healthcare, marketing, and manufacturing, to make informed decisions and optimize business processes.



Some common applications of predictive analytics include:



Forecasting demand for a product or service

Identifying potential customer churn

Predicting equipment failures

Detecting fraudulent activity

Estimating the likelihood of an event occurring

To build predictive models, data scientists typically use tools such as machine learning algorithms, statistical analysis software, and data visualization tools. They may also use techniques such as regression analysis, decision trees, and clustering to analyze and interpret the data.",0,0,False,False,182,212,0.9657707727988042,0.16666666666666666,0.21591404439201106,bab7c7ca0e1ba531721cb2418eb0b0fde40769c709323d3d0ee554e68779e037_SHAP_Explainer_DetectorGuo,150471a9c2522b83a5910e0cd1e92838a39d967a2a183c8433e9606ab52456c1_SHAP_Explainer_DetectorGuo
52,DetectorGuo,SHAP_Explainer,"Institutional investors are organizations that invest on behalf of their clients, such as pension funds, mutual funds, endowments, and insurance companies. These investors typically have a large amount of capital to invest and may be seeking to diversify their portfolios across a variety of asset classes. Institutional investors may also be seeking to generate returns or achieve specific investment goals on behalf of their clients. They may conduct extensive research and analysis to identify investment opportunities and make informed decisions about where to allocate their capital. Institutional investors play a significant role in financial markets and often have a significant impact on the prices of securities and other assets.","It is difficult to accurately diagnose a medical condition without examining a patient in person and obtaining a full medical history. However, there are a few possible explanations for the symptoms you have described.

One possibility is endometriosis, a condition in which tissue similar to the lining of the uterus (called the endometrium) grows outside the uterus, causing pain and sometimes fertility problems. Other possibilities could include ovarian cysts, uterine fibroids, or pelvic inflammatory disease (PID).

It is important to see a healthcare provider for a proper evaluation and diagnosis. They can perform a physical examination, order appropriate tests, and discuss treatment options with you. In the meantime, it may be helpful to keep a symptom diary to help you and your healthcare provider track the pattern and severity of your symptoms.",0,0,False,False,3,80,0.9274142427379868,0.08860759493670886,0.06045838807066236,0e734fca68abfc1f7fddb8983be80b9192ed2dfb0a16a83d22b3fd65f9a99743_SHAP_Explainer_DetectorGuo,2b591b40c2ea9a0aefe618acd99c2b499c7eb759592aaac6707fc9039bfedf07_SHAP_Explainer_DetectorGuo
53,DetectorGuo,SHAP_Explainer,"Pimples on the face and bumps on the forehead of a child can be caused by a variety of factors, including hormones, genetics, and skin irritation.

During puberty, hormonal changes can cause an increase in oil production, leading to clogged pores and acne. Acne is a common skin condition that affects people of all ages and is not exclusive to teenagers.

It is also possible that your child's skin may be reacting to something in their environment, such as a new soap or lotion, or to stress or changes in their diet.

If your child's acne is severe or persistent, it may be a good idea to consult a dermatologist for further evaluation and treatment. In the meantime, you can try to keep your child's skin clean by gently washing their face with a mild soap and water, and avoiding picking or squeezing pimples, as this can lead to scarring.","Peter Wegner is a computer scientist and professor who is known for his research in the field of computer science and for his contributions to the development of the field of programming language design and implementation. He received his Ph.D. in computer science from the University of California, Berkeley in 1969, and he has held academic positions at various universities, including the University of Arizona, Brown University, and the University of California, San Diego. Wegner is known for his work on the design and implementation of programming languages, particularly his contributions to the development of the programming language ALGOL 68. He has also published numerous research papers and articles on a variety of topics in computer science, including programming language design, software engineering, and the history of computing.",0,0,False,False,87,153,0.8203521747915051,0.09333333333333334,0.06605519180411451,aba7b27f71d2c00c2a0d59dc92483be3d2dc9f0e368c315e0113c89976a50fcd_SHAP_Explainer_DetectorGuo,1ef829cbe6540a96630abe7a67b0d0397a44b2321cbdb93a9d3f81ee94c10765_SHAP_Explainer_DetectorGuo
